[ec2-user@ip-10-1-10-165 ~]$ mysql -u admin -p -h udacityprimarydb.cmyhawt6ab01.us-east-1.rds.amazonaws.com
Enter password: 
Welcome to the MariaDB monitor.  Commands end with ; or \g.
Your MySQL connection id is 34
Server version: 8.0.28 Source distribution

Copyright (c) 2000, 2018, Oracle, MariaDB Corporation Ab and others.

Type 'help;' or '\h' for help. Type '\c' to clear the current input statement.

MySQL [(none)]> show databases;
+--------------------+
| Database           |
+--------------------+
| information_schema |
| mysql              |
| performance_schema |
| sys                |
| udacity            |
+--------------------+
5 rows in set (0.00 sec)

MySQL [(none)]> USE udacity
Database changed
MySQL [udacity]> SHOW TABLES;
Empty set (0.01 sec)

MySQL [udacity]> CREATE TABLE students (name VARCHAR(50), gender CHAR(1), dateOfBirth DATE);
Query OK, 0 rows affected (0.05 sec)

MySQL [udacity]> 
MySQL [udacity]> INSERT INTO students VALUES('QuanNL','M','1985-08-02');
Query OK, 1 row affected (0.01 sec)

MySQL [udacity]> SELECT * FROM students
    -> SELECT * FROM students;
ERROR 1064 (42000): You have an error in your SQL syntax; check the manual that corresponds to your MySQL server version for the right syntax to use near 'SELECT * FROM students' at line 2
MySQL [udacity]> SELECT * FROM students;
+--------+--------+-------------+
| name   | gender | dateOfBirth |
+--------+--------+-------------+
| QuanNL | M      | 1985-08-02  |
+--------+--------+-------------+
1 row in set (0.00 sec)